elen1,hall29,20.5.2016,3:30:
elen2,hall29,20.5.2016,3:00
elen3,hall29,20.5.2016,3:30:
elen4,hall29,20.5.2016,3:30:
elen5,hall29,20.5.2016,3:30:
elen6,hall29,20.5.2016,3:30:
elen7,hall29,20.5.2016,3:30:
elen8,hall29,20.5.2016,3:00
elen9,hall29,20.5.2016,3:00
elen10,hall29,20.5.2016,3:30:
elen11,flowerhall,20.5.2016,3:30:
elen12,flowerhall,20.5.2016,3:00
elen13,flowerhall,20.5.2016,3:00
elen14,flowerhall,20.5.2016,3:00
elen15,flowerhall,20.5.2016,3:00
elen16,flowerhall,20.5.2016,3:30:
elen17,examshall,20.5.2016,3:00
elen18,examshall,20.5.2016,3:00
elen19,examshall,20.5.2016,3:30:
elen20,examshall,20.5.2016,3:30:
elen21,examshall,20.5.2016,3:30:
elen22,examshall,20.5.2016,3:30:
elen23,examshall,20.5.2016,3:00
elen24,examshall,20.5.2016,3:00
elen25,examshall,20.5.2016,3:30:
elen26,examshall,20.5.2016,3:30:
elen27,examshall,20.5.2016,3:30:
elen28,examshall,20.5.2016,3:00
elen29,oldmutual,20.5.2016,3:30:
elen30,oldmutual,20.5.2016,3:30:
elen31,oldmutual,20.5.2016,3:30:
elen32,shwbh,20.5.2016,3:00
elen33,shwbh,20.5.2016,3:30:
elen34,shwbh,20.5.2016,3:30:
elen35,hall29,23.5.2016,3:00
elen36,hall29,23.5.2016,3:30:
elen37,hall29,23.5.2016,3:00
elen38,hall29,23.5.2016,3:00
elen39,hall29,23.5.2016,3:30:
elen40,hall29,23.5.2016,3:30:
elen41,hall29,23.5.2016,3:30:
elen42,hall29,23.5.2016,3:00
elen43,hall29,23.5.2016,3:00
elen44,flowerhall,23.5.2016,3:30:
elen45,flowerhall,23.5.2016,3:30:
elen46,flowerhall,23.5.2016,3:30:
elen47,flowerhall,23.5.2016,3:30:
elen48,examshall,23.5.2016,3:30:
elen49,examshall,23.5.2016,3:00
elen50,examshall,23.5.2016,3:00
elen51,examshall,23.5.2016,3:30:
elen52,examshall,23.5.2016,3:30:
elen53,examshall,23.5.2016,3:00
elen54,examshall,23.5.2016,3:00
elen55,examshall,23.5.2016,3:30:
elen56,examshall,23.5.2016,3:30:
elen57,examshall,23.5.2016,3:00
elen58,oldmutual,23.5.2016,3:00
elen59,oldmutual,23.5.2016,3:30:
elen60,oldmutual,23.5.2016,3:30:
elen61,shwbh,23.5.2016,3:00
elen62,shwbh,23.5.2016,3:30:
elen63,hall29,24.5.2016,3:00
elen64,hall29,24.5.2016,3:30:
elen65,hall29,24.5.2016,3:30:
elen66,hall29,24.5.2016,3:00
elen67,hall29,24.5.2016,3:00
elen68,hall29,24.5.2016,3:00
elen69,hall29,24.5.2016,3:30:
elen70,hall29,24.5.2016,3:00
elen71,hall29,24.5.2016,3:30:
elen72,hall29,24.5.2016,3:00
elen73,flowerhall,24.5.2016,3:00
elen74,flowerhall,24.5.2016,3:30:
elen75,flowerhall,24.5.2016,3:00
elen76,flowerhall,24.5.2016,3:30:
elen77,examshall,24.5.2016,3:30:
elen78,examshall,24.5.2016,3:00
elen79,examshall,24.5.2016,3:30:
elen80,examshall,24.5.2016,3:30:
elen81,examshall,24.5.2016,3:00
elen82,examshall,24.5.2016,3:30:
elen83,examshall,24.5.2016,3:30:
elen84,examshall,24.5.2016,3:00
elen85,examshall,24.5.2016,3:30:
elen86,examshall,24.5.2016,3:30:
elen87,examshall,24.5.2016,3:00
elen88,examshall,24.5.2016,3:00
elen89,oldmutual,24.5.2016,3:00
elen90,oldmutual,24.5.2016,3:30:
elen91,shwbh,24.5.2016,3:00
elen92,shwbh,24.5.2016,3:00
elen93,hall29,25.5.2016,3:00
elen94,hall29,25.5.2016,3:30:
elen95,hall29,25.5.2016,3:00
elen96,hall29,25.5.2016,3:00
elen97,hall29,25.5.2016,3:00
elen98,hall29,25.5.2016,3:00
elen99,hall29,25.5.2016,3:00
elen100,hall29,25.5.2016,3:00
elen101,hall29,25.5.2016,3:00
elen102,hall29,25.5.2016,3:30:
elen103,flowerhall,25.5.2016,3:00
elen104,flowerhall,25.5.2016,3:30:
elen105,flowerhall,25.5.2016,3:30:
elen106,flowerhall,25.5.2016,3:00
elen107,flowerhall,25.5.2016,3:00
elen108,flowerhall,25.5.2016,3:30:
elen109,examshall,25.5.2016,3:00
elen110,examshall,25.5.2016,3:30:
elen111,examshall,25.5.2016,3:00
elen112,examshall,25.5.2016,3:30:
elen113,examshall,25.5.2016,3:00
elen114,examshall,25.5.2016,3:00
elen115,examshall,25.5.2016,3:30:
elen116,examshall,25.5.2016,3:30:
elen117,examshall,25.5.2016,3:30:
elen118,examshall,25.5.2016,3:30:
elen119,oldmutual,25.5.2016,3:00
elen120,oldmutual,25.5.2016,3:00
elen121,oldmutual,25.5.2016,3:30:
elen122,oldmutual,25.5.2016,3:30:
elen123,shwbh,25.5.2016,3:30:
elen124,shwbh,25.5.2016,3:30:
elen125,shwbh,25.5.2016,3:30:
elen126,hall29,26.5.2016,3:00
elen127,hall29,26.5.2016,3:00
elen128,hall29,26.5.2016,3:00
elen129,hall29,26.5.2016,3:30:
elen130,hall29,26.5.2016,3:30:
elen131,hall29,26.5.2016,3:00
elen132,hall29,26.5.2016,3:00
elen133,hall29,26.5.2016,3:00
elen134,hall29,26.5.2016,3:00
elen135,hall29,26.5.2016,3:00
elen136,hall29,26.5.2016,3:00
elen137,flowerhall,26.5.2016,3:30:
elen138,flowerhall,26.5.2016,3:30:
elen139,flowerhall,26.5.2016,3:30:
elen140,flowerhall,26.5.2016,3:00
elen141,flowerhall,26.5.2016,3:30:
elen142,examshall,26.5.2016,3:00
elen143,examshall,26.5.2016,3:30:
elen144,examshall,26.5.2016,3:30:
elen145,examshall,26.5.2016,3:00
elen146,examshall,26.5.2016,3:30:
elen147,examshall,26.5.2016,3:30:
elen148,examshall,26.5.2016,3:30:
elen149,examshall,26.5.2016,3:30:
elen150,examshall,26.5.2016,3:00
elen151,examshall,26.5.2016,3:00
elen152,oldmutual,26.5.2016,3:00
elen153,oldmutual,26.5.2016,3:30:
elen154,oldmutual,26.5.2016,3:00
elen155,shwbh,26.5.2016,3:00
elen156,shwbh,26.5.2016,3:30:
elen157,hall29,27.5.2016,3:00
elen158,hall29,27.5.2016,3:30:
elen159,hall29,27.5.2016,3:00
elen160,hall29,27.5.2016,3:00
elen161,hall29,27.5.2016,3:30:
elen162,hall29,27.5.2016,3:30:
elen163,hall29,27.5.2016,3:00
elen164,flowerhall,27.5.2016,3:00
elen165,flowerhall,27.5.2016,3:30:
elen166,flowerhall,27.5.2016,3:00
elen167,flowerhall,27.5.2016,3:00
elen168,flowerhall,27.5.2016,3:30:
elen169,examshall,27.5.2016,3:00
elen170,examshall,27.5.2016,3:30:
elen171,examshall,27.5.2016,3:30:
elen172,examshall,27.5.2016,3:00
elen173,examshall,27.5.2016,3:30:
elen174,examshall,27.5.2016,3:00
elen175,examshall,27.5.2016,3:00
elen176,examshall,27.5.2016,3:00
elen177,examshall,27.5.2016,3:30:
elen178,examshall,27.5.2016,3:30:
elen179,examshall,27.5.2016,3:30:
elen180,examshall,27.5.2016,3:30:
elen181,examshall,27.5.2016,3:30:
elen182,oldmutual,27.5.2016,3:30:
elen183,oldmutual,27.5.2016,3:30:
elen184,oldmutual,27.5.2016,3:00
elen185,shwbh,27.5.2016,3:30:
elen186,shwbh,27.5.2016,3:00
elen187,hall29,1.6.2016,3:30:
elen188,hall29,1.6.2016,3:30:
elen189,hall29,1.6.2016,3:30:
elen190,hall29,1.6.2016,3:30:
elen191,hall29,1.6.2016,3:00
elen192,hall29,1.6.2016,3:00
elen193,hall29,1.6.2016,3:00
elen194,hall29,1.6.2016,3:00
elen195,hall29,1.6.2016,3:30:
elen196,hall29,1.6.2016,3:30:
elen197,hall29,1.6.2016,3:30:
elen198,flowerhall,1.6.2016,3:00
elen199,flowerhall,1.6.2016,3:30:
elen200,flowerhall,1.6.2016,3:00
elen201,flowerhall,1.6.2016,3:30:
elen202,flowerhall,1.6.2016,3:30:
elen203,examshall,1.6.2016,3:00
elen204,examshall,1.6.2016,3:00
elen205,examshall,1.6.2016,3:00
elen206,examshall,1.6.2016,3:30:
elen207,examshall,1.6.2016,3:30:
elen208,examshall,1.6.2016,3:30:
elen209,examshall,1.6.2016,3:30:
elen210,examshall,1.6.2016,3:00
elen211,examshall,1.6.2016,3:00
elen212,examshall,1.6.2016,3:00
elen213,examshall,1.6.2016,3:00
elen214,oldmutual,1.6.2016,3:00
elen215,oldmutual,1.6.2016,3:30:
elen216,shwbh,1.6.2016,3:30:
elen217,shwbh,1.6.2016,3:00
elen218,hall29,2.6.2016,3:00
elen219,hall29,2.6.2016,3:30:
elen220,hall29,2.6.2016,3:00
elen221,hall29,2.6.2016,3:00
elen222,hall29,2.6.2016,3:00
elen223,hall29,2.6.2016,3:00
elen224,hall29,2.6.2016,3:30:
elen225,hall29,2.6.2016,3:00
elen226,hall29,2.6.2016,3:30:
elen227,flowerhall,2.6.2016,3:30:
elen228,flowerhall,2.6.2016,3:30:
elen229,flowerhall,2.6.2016,3:30:
elen230,flowerhall,2.6.2016,3:00
elen231,flowerhall,2.6.2016,3:00
elen232,examshall,2.6.2016,3:30:
elen233,examshall,2.6.2016,3:00
elen234,examshall,2.6.2016,3:30:
elen235,examshall,2.6.2016,3:00
elen236,examshall,2.6.2016,3:00
elen237,examshall,2.6.2016,3:00
elen238,examshall,2.6.2016,3:00
elen239,examshall,2.6.2016,3:00
elen240,examshall,2.6.2016,3:00
elen241,examshall,2.6.2016,3:00
elen242,examshall,2.6.2016,3:00
elen243,oldmutual,2.6.2016,3:00
elen244,oldmutual,2.6.2016,3:00
elen245,shwbh,2.6.2016,3:00
elen246,shwbh,2.6.2016,3:30:
elen247,hall29,3.6.2016,3:00
elen248,hall29,3.6.2016,3:30:
elen249,hall29,3.6.2016,3:00
elen250,hall29,3.6.2016,3:30:
elen251,hall29,3.6.2016,3:30:
elen252,hall29,3.6.2016,3:30:
elen253,hall29,3.6.2016,3:00
elen254,hall29,3.6.2016,3:30:
elen255,flowerhall,3.6.2016,3:00
elen256,flowerhall,3.6.2016,3:00
elen257,flowerhall,3.6.2016,3:30:
elen258,flowerhall,3.6.2016,3:00
elen259,flowerhall,3.6.2016,3:30:
elen260,flowerhall,3.6.2016,3:00
elen261,examshall,3.6.2016,3:30:
elen262,examshall,3.6.2016,3:00
elen263,examshall,3.6.2016,3:30:
elen264,examshall,3.6.2016,3:30:
elen265,examshall,3.6.2016,3:30:
elen266,examshall,3.6.2016,3:30:
elen267,examshall,3.6.2016,3:00
elen268,examshall,3.6.2016,3:30:
elen269,examshall,3.6.2016,3:00
elen270,examshall,3.6.2016,3:30:
elen271,examshall,3.6.2016,3:00
elen272,examshall,3.6.2016,3:30:
elen273,oldmutual,3.6.2016,3:30:
elen274,oldmutual,3.6.2016,3:00
elen275,oldmutual,3.6.2016,3:30:
elen276,oldmutual,3.6.2016,3:00
elen277,shwbh,3.6.2016,3:30:
elen278,shwbh,3.6.2016,3:00
elen279,hall29,6.6.2016,3:30:
elen280,hall29,6.6.2016,3:00
elen281,hall29,6.6.2016,3:00
elen282,hall29,6.6.2016,3:00
elen283,hall29,6.6.2016,3:00
elen284,hall29,6.6.2016,3:00
elen285,hall29,6.6.2016,3:30:
elen286,hall29,6.6.2016,3:00
elen287,hall29,6.6.2016,3:30:
elen288,flowerhall,6.6.2016,3:00
elen289,flowerhall,6.6.2016,3:00
elen290,flowerhall,6.6.2016,3:30:
elen291,flowerhall,6.6.2016,3:00
elen292,flowerhall,6.6.2016,3:30:
elen293,examshall,6.6.2016,3:30:
elen294,examshall,6.6.2016,3:30:
elen295,examshall,6.6.2016,3:30:
elen296,examshall,6.6.2016,3:00
elen297,examshall,6.6.2016,3:30:
elen298,examshall,6.6.2016,3:30:
elen299,examshall,6.6.2016,3:30:
elen300,examshall,6.6.2016,3:30:
elen301,examshall,6.6.2016,3:30:
elen302,examshall,6.6.2016,3:30:
elen303,examshall,6.6.2016,3:00
elen304,examshall,6.6.2016,3:00
elen305,oldmutual,6.6.2016,3:30:
elen306,oldmutual,6.6.2016,3:30:
elen307,oldmutual,6.6.2016,3:30:
elen308,oldmutual,6.6.2016,3:00
elen309,shwbh,6.6.2016,3:00
elen310,shwbh,6.6.2016,3:30:
elen311,hall29,7.6.2016,3:30:
elen312,hall29,7.6.2016,3:00
elen313,hall29,7.6.2016,3:00
elen314,hall29,7.6.2016,3:00
elen315,hall29,7.6.2016,3:00
elen316,hall29,7.6.2016,3:00
elen317,hall29,7.6.2016,3:00
elen318,hall29,7.6.2016,3:30:
elen319,flowerhall,7.6.2016,3:00
elen320,flowerhall,7.6.2016,3:00
elen321,flowerhall,7.6.2016,3:00
elen322,flowerhall,7.6.2016,3:00
elen323,flowerhall,7.6.2016,3:30:
elen324,flowerhall,7.6.2016,3:00
elen325,examshall,7.6.2016,3:00
elen326,examshall,7.6.2016,3:00
elen327,examshall,7.6.2016,3:00
elen328,examshall,7.6.2016,3:00
elen329,examshall,7.6.2016,3:30:
elen330,examshall,7.6.2016,3:00
elen331,examshall,7.6.2016,3:30:
elen332,examshall,7.6.2016,3:00
elen333,examshall,7.6.2016,3:00
elen334,examshall,7.6.2016,3:30:
elen335,examshall,7.6.2016,3:00
elen336,examshall,7.6.2016,3:00
elen337,oldmutual,7.6.2016,3:00
elen338,oldmutual,7.6.2016,3:00
elen339,oldmutual,7.6.2016,3:30:
elen340,shwbh,7.6.2016,3:30:
elen341,shwbh,7.6.2016,3:30:
elen342,hall29,8.6.2016,3:00
elen343,hall29,8.6.2016,3:00
elen344,hall29,8.6.2016,3:00
elen345,hall29,8.6.2016,3:00
elen346,hall29,8.6.2016,3:30:
elen347,hall29,8.6.2016,3:00
elen348,hall29,8.6.2016,3:00
elen349,hall29,8.6.2016,3:00
elen350,hall29,8.6.2016,3:30:
elen351,hall29,8.6.2016,3:00
elen352,flowerhall,8.6.2016,3:30:
elen353,flowerhall,8.6.2016,3:30:
elen354,flowerhall,8.6.2016,3:30:
elen355,flowerhall,8.6.2016,3:30:
elen356,flowerhall,8.6.2016,3:30:
elen357,flowerhall,8.6.2016,3:00
elen358,examshall,8.6.2016,3:30:
elen359,examshall,8.6.2016,3:30:
elen360,examshall,8.6.2016,3:30:
elen361,examshall,8.6.2016,3:30:
elen362,examshall,8.6.2016,3:00
elen363,examshall,8.6.2016,3:00
elen364,examshall,8.6.2016,3:00
elen365,examshall,8.6.2016,3:30:
elen366,examshall,8.6.2016,3:30:
elen367,examshall,8.6.2016,3:00
elen368,oldmutual,8.6.2016,3:30:
elen369,oldmutual,8.6.2016,3:30:
elen370,shwbh,8.6.2016,3:00
elen371,shwbh,8.6.2016,3:30:
elen372,hall29,9.6.2016,3:00
elen373,hall29,9.6.2016,3:00
elen374,hall29,9.6.2016,3:30:
elen375,hall29,9.6.2016,3:30:
elen376,hall29,9.6.2016,3:00
elen377,hall29,9.6.2016,3:30:
elen378,hall29,9.6.2016,3:30:
elen379,hall29,9.6.2016,3:00
elen380,flowerhall,9.6.2016,3:30:
elen381,flowerhall,9.6.2016,3:30:
elen382,flowerhall,9.6.2016,3:00
elen383,flowerhall,9.6.2016,3:30:
elen384,examshall,9.6.2016,3:30:
elen385,examshall,9.6.2016,3:30:
elen386,examshall,9.6.2016,3:30:
elen387,examshall,9.6.2016,3:00
elen388,examshall,9.6.2016,3:30:
elen389,examshall,9.6.2016,3:30:
elen390,examshall,9.6.2016,3:30:
elen391,examshall,9.6.2016,3:30:
elen392,examshall,9.6.2016,3:00
elen393,examshall,9.6.2016,3:30:
elen394,examshall,9.6.2016,3:00
elen395,examshall,9.6.2016,3:00
elen396,examshall,9.6.2016,3:00
elen397,oldmutual,9.6.2016,3:00
elen398,oldmutual,9.6.2016,3:30:
elen399,oldmutual,9.6.2016,3:30:
elen400,shwbh,9.6.2016,3:30:
elen401,shwbh,9.6.2016,3:00
elen402,hall29,10.6.2016,3:30:
elen403,hall29,10.6.2016,3:00
elen404,hall29,10.6.2016,3:00
elen405,hall29,10.6.2016,3:30:
elen406,hall29,10.6.2016,3:00
elen407,hall29,10.6.2016,3:00
elen408,hall29,10.6.2016,3:00
elen409,hall29,10.6.2016,3:30:
elen410,hall29,10.6.2016,3:00
elen411,hall29,10.6.2016,3:00
elen412,flowerhall,10.6.2016,3:30:
elen413,flowerhall,10.6.2016,3:00
elen414,flowerhall,10.6.2016,3:30:
elen415,flowerhall,10.6.2016,3:30:
elen416,flowerhall,10.6.2016,3:00
elen417,flowerhall,10.6.2016,3:30:
elen418,flowerhall,10.6.2016,3:00
elen419,examshall,10.6.2016,3:30:
elen420,examshall,10.6.2016,3:30:
elen421,examshall,10.6.2016,3:00
elen422,examshall,10.6.2016,3:00
elen423,examshall,10.6.2016,3:00
elen424,examshall,10.6.2016,3:00
elen425,examshall,10.6.2016,3:00
elen426,examshall,10.6.2016,3:30:
elen427,examshall,10.6.2016,3:30:
elen428,examshall,10.6.2016,3:30:
elen429,oldmutual,10.6.2016,3:30:
elen430,oldmutual,10.6.2016,3:30:
elen431,oldmutual,10.6.2016,3:30:
elen432,oldmutual,10.6.2016,3:00
elen433,shwbh,10.6.2016,3:00
elen434,shwbh,10.6.2016,3:00
elen435,shwbh,10.6.2016,3:00
elen436,shwbh,10.6.2016,3:00
elen437,hall29,13.6.2016,3:30:
elen438,hall29,13.6.2016,3:30:
elen439,hall29,13.6.2016,3:30:
elen440,hall29,13.6.2016,3:00
elen441,hall29,13.6.2016,3:30:
elen442,hall29,13.6.2016,3:00
elen443,hall29,13.6.2016,3:30:
elen444,hall29,13.6.2016,3:00
elen445,hall29,13.6.2016,3:30:
elen446,hall29,13.6.2016,3:30:
elen447,flowerhall,13.6.2016,3:00
elen448,flowerhall,13.6.2016,3:00
elen449,flowerhall,13.6.2016,3:30:
elen450,flowerhall,13.6.2016,3:30:
elen451,flowerhall,13.6.2016,3:00
elen452,examshall,13.6.2016,3:00
elen453,examshall,13.6.2016,3:00
elen454,examshall,13.6.2016,3:00
elen455,examshall,13.6.2016,3:00
elen456,examshall,13.6.2016,3:30:
elen457,examshall,13.6.2016,3:00
elen458,examshall,13.6.2016,3:00
elen459,examshall,13.6.2016,3:00
elen460,examshall,13.6.2016,3:00
elen461,examshall,13.6.2016,3:30:
elen462,examshall,13.6.2016,3:00
elen463,oldmutual,13.6.2016,3:00
elen464,oldmutual,13.6.2016,3:30:
elen465,oldmutual,13.6.2016,3:30:
elen466,oldmutual,13.6.2016,3:00
elen467,shwbh,13.6.2016,3:00
elen468,shwbh,13.6.2016,3:00
elen469,hall29,14.6.2016,3:30:
elen470,hall29,14.6.2016,3:30:
elen471,hall29,14.6.2016,3:00
elen472,hall29,14.6.2016,3:30:
elen473,hall29,14.6.2016,3:30:
elen474,hall29,14.6.2016,3:00
elen475,hall29,14.6.2016,3:30:
elen476,hall29,14.6.2016,3:30:
elen477,flowerhall,14.6.2016,3:30:
elen478,flowerhall,14.6.2016,3:30:
elen479,flowerhall,14.6.2016,3:00
elen480,flowerhall,14.6.2016,3:00
elen481,flowerhall,14.6.2016,3:00
elen482,examshall,14.6.2016,3:00
elen483,examshall,14.6.2016,3:30:
elen484,examshall,14.6.2016,3:00
elen485,examshall,14.6.2016,3:00
elen486,examshall,14.6.2016,3:00
elen487,examshall,14.6.2016,3:00
elen488,examshall,14.6.2016,3:30:
elen489,examshall,14.6.2016,3:00
elen490,examshall,14.6.2016,3:30:
elen491,examshall,14.6.2016,3:00
elen492,examshall,14.6.2016,3:30:
elen493,oldmutual,14.6.2016,3:00
elen494,oldmutual,14.6.2016,3:30:
elen495,oldmutual,14.6.2016,3:00
elen496,shwbh,14.6.2016,3:30:
elen497,shwbh,14.6.2016,3:30:
elen498,shwbh,14.6.2016,3:30:
elen499,hall29,15.6.2016,3:30:
elen500,hall29,15.6.2016,3:30:
elen501,hall29,15.6.2016,3:00
elen502,hall29,15.6.2016,3:30:
elen503,hall29,15.6.2016,3:30:
elen504,hall29,15.6.2016,3:00
elen505,hall29,15.6.2016,3:30:
elen506,hall29,15.6.2016,3:30:
elen507,hall29,15.6.2016,3:00
elen508,flowerhall,15.6.2016,3:30:
elen509,flowerhall,15.6.2016,3:30:
elen510,flowerhall,15.6.2016,3:00
elen511,flowerhall,15.6.2016,3:30:
elen512,examshall,15.6.2016,3:30:
elen513,examshall,15.6.2016,3:00
elen514,examshall,15.6.2016,3:00
elen515,examshall,15.6.2016,3:00
elen516,examshall,15.6.2016,3:00
elen517,examshall,15.6.2016,3:00
elen518,examshall,15.6.2016,3:30:
elen519,examshall,15.6.2016,3:30:
elen520,examshall,15.6.2016,3:30:
elen521,examshall,15.6.2016,3:30:
elen522,examshall,15.6.2016,3:30:
elen523,examshall,15.6.2016,3:00
elen524,oldmutual,15.6.2016,3:00
elen525,oldmutual,15.6.2016,3:00
elen526,oldmutual,15.6.2016,3:30:
elen527,shwbh,15.6.2016,3:00
elen528,shwbh,15.6.2016,3:30:
elen529,shwbh,15.6.2016,3:30:
elen530,hall29,16.6.2016,3:00
elen531,hall29,16.6.2016,3:30:
elen532,hall29,16.6.2016,3:00
elen533,hall29,16.6.2016,3:30:
elen534,hall29,16.6.2016,3:30:
elen535,hall29,16.6.2016,3:00
elen536,hall29,16.6.2016,3:00
elen537,hall29,16.6.2016,3:30:
elen538,hall29,16.6.2016,3:00
elen539,flowerhall,16.6.2016,3:00
elen540,flowerhall,16.6.2016,3:30:
elen541,flowerhall,16.6.2016,3:30:
elen542,flowerhall,16.6.2016,3:30:
elen543,flowerhall,16.6.2016,3:30:
elen544,examshall,16.6.2016,3:30:
elen545,examshall,16.6.2016,3:00
elen546,examshall,16.6.2016,3:30:
elen547,examshall,16.6.2016,3:00
elen548,examshall,16.6.2016,3:30:
elen549,examshall,16.6.2016,3:00
elen550,examshall,16.6.2016,3:30:
elen551,examshall,16.6.2016,3:00
elen552,examshall,16.6.2016,3:30:
elen553,examshall,16.6.2016,3:30:
elen554,examshall,16.6.2016,3:30:
elen555,oldmutual,16.6.2016,3:30:
elen556,oldmutual,16.6.2016,3:00
elen557,oldmutual,16.6.2016,3:30:
elen558,shwbh,16.6.2016,3:30:
elen559,shwbh,16.6.2016,3:00
elen560,shwbh,16.6.2016,3:00
elen561,hall29,17.6.2016,3:30:
elen562,hall29,17.6.2016,3:30:
elen563,hall29,17.6.2016,3:30:
elen564,hall29,17.6.2016,3:30:
elen565,hall29,17.6.2016,3:00
elen566,hall29,17.6.2016,3:00
elen567,hall29,17.6.2016,3:00
elen568,hall29,17.6.2016,3:30:
elen569,hall29,17.6.2016,3:00
elen570,hall29,17.6.2016,3:30:
elen571,hall29,17.6.2016,3:30:
elen572,flowerhall,17.6.2016,3:30:
elen573,flowerhall,17.6.2016,3:00
elen574,flowerhall,17.6.2016,3:00
elen575,flowerhall,17.6.2016,3:00
elen576,flowerhall,17.6.2016,3:00
elen577,flowerhall,17.6.2016,3:30:
elen578,flowerhall,17.6.2016,3:30:
elen579,examshall,17.6.2016,3:00
elen580,examshall,17.6.2016,3:00
elen581,examshall,17.6.2016,3:00
elen582,examshall,17.6.2016,3:00
elen583,examshall,17.6.2016,3:00
elen584,examshall,17.6.2016,3:00
elen585,examshall,17.6.2016,3:30:
elen586,examshall,17.6.2016,3:00
elen587,examshall,17.6.2016,3:00
elen588,examshall,17.6.2016,3:00
elen589,examshall,17.6.2016,3:30:
elen590,oldmutual,17.6.2016,3:30:
elen591,oldmutual,17.6.2016,3:00
elen592,oldmutual,17.6.2016,3:30:
elen593,shwbh,17.6.2016,3:30:
elen594,shwbh,17.6.2016,3:00
elen595,shwbh,17.6.2016,3:30:
elen596,hall29,20.6.2016,3:30:
elen597,hall29,20.6.2016,3:30:
elen598,hall29,20.6.2016,3:00
elen599,hall29,20.6.2016,3:00
elen600,hall29,20.6.2016,3:30:
elen601,hall29,20.6.2016,3:30:
elen602,hall29,20.6.2016,3:00
elen603,hall29,20.6.2016,3:30:
elen604,hall29,20.6.2016,3:30:
elen605,flowerhall,20.6.2016,3:30:
elen606,flowerhall,20.6.2016,3:00
elen607,flowerhall,20.6.2016,3:00
elen608,flowerhall,20.6.2016,3:30:
elen609,flowerhall,20.6.2016,3:00
elen610,flowerhall,20.6.2016,3:30:
elen611,examshall,20.6.2016,3:00
elen612,examshall,20.6.2016,3:30:
elen613,examshall,20.6.2016,3:30:
elen614,examshall,20.6.2016,3:00
elen615,examshall,20.6.2016,3:30:
elen616,examshall,20.6.2016,3:30:
elen617,examshall,20.6.2016,3:00
elen618,examshall,20.6.2016,3:30:
elen619,examshall,20.6.2016,3:30:
elen620,examshall,20.6.2016,3:00
elen621,examshall,20.6.2016,3:30:
elen622,oldmutual,20.6.2016,3:00
elen623,oldmutual,20.6.2016,3:00
elen624,oldmutual,20.6.2016,3:00
elen625,shwbh,20.6.2016,3:30:
elen626,shwbh,20.6.2016,3:00
elen627,hall29,21.6.2016,3:00
elen628,hall29,21.6.2016,3:30:
elen629,hall29,21.6.2016,3:00
elen630,hall29,21.6.2016,3:30:
elen631,hall29,21.6.2016,3:00
elen632,hall29,21.6.2016,3:30:
elen633,hall29,21.6.2016,3:30:
elen634,hall29,21.6.2016,3:30:
elen635,hall29,21.6.2016,3:00
elen636,flowerhall,21.6.2016,3:30:
elen637,flowerhall,21.6.2016,3:30:
elen638,flowerhall,21.6.2016,3:00
elen639,flowerhall,21.6.2016,3:30:
elen640,flowerhall,21.6.2016,3:00
elen641,flowerhall,21.6.2016,3:30:
elen642,flowerhall,21.6.2016,3:00
elen643,examshall,21.6.2016,3:30:
elen644,examshall,21.6.2016,3:30:
elen645,examshall,21.6.2016,3:00
elen646,examshall,21.6.2016,3:00
elen647,examshall,21.6.2016,3:30:
elen648,examshall,21.6.2016,3:00
elen649,examshall,21.6.2016,3:30:
elen650,examshall,21.6.2016,3:00
elen651,examshall,21.6.2016,3:30:
elen652,examshall,21.6.2016,3:30:
elen653,examshall,21.6.2016,3:30:
elen654,examshall,21.6.2016,3:00
elen655,examshall,21.6.2016,3:00
elen656,oldmutual,21.6.2016,3:00
elen657,oldmutual,21.6.2016,3:00
elen658,oldmutual,21.6.2016,3:30:
elen659,oldmutual,21.6.2016,3:30:
elen660,shwbh,21.6.2016,3:00
elen661,shwbh,21.6.2016,3:30:
elen662,hall29,22.6.2016,3:30:
elen663,hall29,22.6.2016,3:30:
elen664,hall29,22.6.2016,3:00
elen665,hall29,22.6.2016,3:00
elen666,hall29,22.6.2016,3:30:
elen667,hall29,22.6.2016,3:30:
elen668,hall29,22.6.2016,3:00
elen669,hall29,22.6.2016,3:00
elen670,hall29,22.6.2016,3:00
elen671,hall29,22.6.2016,3:00
elen672,hall29,22.6.2016,3:00
elen673,flowerhall,22.6.2016,3:00
elen674,flowerhall,22.6.2016,3:30:
elen675,flowerhall,22.6.2016,3:30:
elen676,flowerhall,22.6.2016,3:00
elen677,examshall,22.6.2016,3:30:
elen678,examshall,22.6.2016,3:00
elen679,examshall,22.6.2016,3:00
elen680,examshall,22.6.2016,3:00
elen681,examshall,22.6.2016,3:00
elen682,examshall,22.6.2016,3:00
elen683,examshall,22.6.2016,3:00
elen684,examshall,22.6.2016,3:00
elen685,examshall,22.6.2016,3:30:
elen686,examshall,22.6.2016,3:30:
elen687,examshall,22.6.2016,3:30:
elen688,examshall,22.6.2016,3:00
elen689,oldmutual,22.6.2016,3:00
elen690,oldmutual,22.6.2016,3:00
elen691,oldmutual,22.6.2016,3:30:
elen692,shwbh,22.6.2016,3:00
elen693,shwbh,22.6.2016,3:30:
elen694,shwbh,22.6.2016,3:30:
elen695,hall29,23.6.2016,3:00
elen696,hall29,23.6.2016,3:00
elen697,hall29,23.6.2016,3:00
elen698,hall29,23.6.2016,3:00
elen699,hall29,23.6.2016,3:30:
elen700,hall29,23.6.2016,3:30:
elen701,hall29,23.6.2016,3:00
elen702,hall29,23.6.2016,3:30:
elen703,hall29,23.6.2016,3:30:
elen704,flowerhall,23.6.2016,3:30:
elen705,flowerhall,23.6.2016,3:30:
elen706,flowerhall,23.6.2016,3:00
elen707,flowerhall,23.6.2016,3:00
elen708,flowerhall,23.6.2016,3:00
elen709,flowerhall,23.6.2016,3:30:
elen710,examshall,23.6.2016,3:30:
elen711,examshall,23.6.2016,3:30:
elen712,examshall,23.6.2016,3:00
elen713,examshall,23.6.2016,3:00
elen714,examshall,23.6.2016,3:00
elen715,examshall,23.6.2016,3:00
elen716,examshall,23.6.2016,3:00
elen717,examshall,23.6.2016,3:30:
elen718,examshall,23.6.2016,3:30:
elen719,examshall,23.6.2016,3:30:
elen720,examshall,23.6.2016,3:30:
elen721,oldmutual,23.6.2016,3:00
elen722,oldmutual,23.6.2016,3:30:
elen723,oldmutual,23.6.2016,3:00
elen724,shwbh,23.6.2016,3:30:
elen725,shwbh,23.6.2016,3:30:
elen726,shwbh,23.6.2016,3:00
elen727,shwbh,23.6.2016,3:00
elen728,hall29,24.6.2016,3:00
elen729,hall29,24.6.2016,3:30:
elen730,hall29,24.6.2016,3:30:
elen731,hall29,24.6.2016,3:30:
elen732,hall29,24.6.2016,3:00
elen733,hall29,24.6.2016,3:30:
elen734,hall29,24.6.2016,3:00
elen735,hall29,24.6.2016,3:00
elen736,hall29,24.6.2016,3:30:
elen737,hall29,24.6.2016,3:00
elen738,hall29,24.6.2016,3:30:
elen739,flowerhall,24.6.2016,3:00
elen740,flowerhall,24.6.2016,3:30:
elen741,flowerhall,24.6.2016,3:30:
elen742,flowerhall,24.6.2016,3:30:
elen743,flowerhall,24.6.2016,3:30:
elen744,examshall,24.6.2016,3:30:
elen745,examshall,24.6.2016,3:30:
elen746,examshall,24.6.2016,3:00
elen747,examshall,24.6.2016,3:00
elen748,examshall,24.6.2016,3:00
elen749,examshall,24.6.2016,3:00
elen750,examshall,24.6.2016,3:00
elen751,examshall,24.6.2016,3:30:
elen752,examshall,24.6.2016,3:00
elen753,examshall,24.6.2016,3:00
elen754,examshall,24.6.2016,3:30:
elen755,examshall,24.6.2016,3:00
elen756,oldmutual,24.6.2016,3:30:
elen757,oldmutual,24.6.2016,3:30:
elen758,oldmutual,24.6.2016,3:00
elen759,shwbh,24.6.2016,3:00
elen760,shwbh,24.6.2016,3:30:
elen761,hall29,27.6.2016,3:00
elen762,hall29,27.6.2016,3:00
elen763,hall29,27.6.2016,3:30:
elen764,hall29,27.6.2016,3:00
elen765,hall29,27.6.2016,3:30:
elen766,hall29,27.6.2016,3:30:
elen767,hall29,27.6.2016,3:00
elen768,hall29,27.6.2016,3:00
elen769,hall29,27.6.2016,3:00
elen770,flowerhall,27.6.2016,3:00
elen771,flowerhall,27.6.2016,3:30:
elen772,flowerhall,27.6.2016,3:00
elen773,flowerhall,27.6.2016,3:00
elen774,flowerhall,27.6.2016,3:30:
elen775,flowerhall,27.6.2016,3:00
elen776,flowerhall,27.6.2016,3:30:
elen777,examshall,27.6.2016,3:30:
elen778,examshall,27.6.2016,3:00
elen779,examshall,27.6.2016,3:00
elen780,examshall,27.6.2016,3:00
elen781,examshall,27.6.2016,3:00
elen782,examshall,27.6.2016,3:30:
elen783,examshall,27.6.2016,3:30:
elen784,examshall,27.6.2016,3:30:
elen785,examshall,27.6.2016,3:30:
elen786,examshall,27.6.2016,3:00
elen787,examshall,27.6.2016,3:30:
elen788,examshall,27.6.2016,3:30:
elen789,oldmutual,27.6.2016,3:00
elen790,oldmutual,27.6.2016,3:30:
elen791,oldmutual,27.6.2016,3:00
elen792,shwbh,27.6.2016,3:00
elen793,shwbh,27.6.2016,3:00
elen794,shwbh,27.6.2016,3:00
elen795,hall29,28.6.2016,3:00
elen796,hall29,28.6.2016,3:30:
elen797,hall29,28.6.2016,3:30:
elen798,hall29,28.6.2016,3:00
elen799,hall29,28.6.2016,3:00
elen800,hall29,28.6.2016,3:00
elen801,hall29,28.6.2016,3:30:
elen802,hall29,28.6.2016,3:30:
elen803,hall29,28.6.2016,3:00
elen804,hall29,28.6.2016,3:30:
elen805,flowerhall,28.6.2016,3:30:
elen806,flowerhall,28.6.2016,3:30:
elen807,flowerhall,28.6.2016,3:00
elen808,flowerhall,28.6.2016,3:30:
elen809,flowerhall,28.6.2016,3:30:
elen810,flowerhall,28.6.2016,3:00
elen811,examshall,28.6.2016,3:30:
elen812,examshall,28.6.2016,3:30:
elen813,examshall,28.6.2016,3:00
elen814,examshall,28.6.2016,3:30:
elen815,examshall,28.6.2016,3:30:
elen816,examshall,28.6.2016,3:00
elen817,examshall,28.6.2016,3:00
elen818,examshall,28.6.2016,3:00
elen819,examshall,28.6.2016,3:00
elen820,examshall,28.6.2016,3:00
elen821,examshall,28.6.2016,3:30:
elen822,examshall,28.6.2016,3:00
elen823,oldmutual,28.6.2016,3:30:
elen824,oldmutual,28.6.2016,3:00
elen825,oldmutual,28.6.2016,3:00
elen826,shwbh,28.6.2016,3:30:
elen827,shwbh,28.6.2016,3:00
elen828,shwbh,28.6.2016,3:00
elen829,hall29,29.6.2016,3:00
elen830,hall29,29.6.2016,3:00
elen831,hall29,29.6.2016,3:30:
elen832,hall29,29.6.2016,3:30:
elen833,hall29,29.6.2016,3:00
elen834,hall29,29.6.2016,3:30:
elen835,hall29,29.6.2016,3:00
elen836,hall29,29.6.2016,3:30:
elen837,flowerhall,29.6.2016,3:00
elen838,flowerhall,29.6.2016,3:00
elen839,flowerhall,29.6.2016,3:30:
elen840,flowerhall,29.6.2016,3:00
elen841,flowerhall,29.6.2016,3:30:
elen842,examshall,29.6.2016,3:30:
elen843,examshall,29.6.2016,3:00
elen844,examshall,29.6.2016,3:30:
elen845,examshall,29.6.2016,3:30:
elen846,examshall,29.6.2016,3:30:
elen847,examshall,29.6.2016,3:00
elen848,examshall,29.6.2016,3:00
elen849,examshall,29.6.2016,3:30:
elen850,examshall,29.6.2016,3:30:
elen851,examshall,29.6.2016,3:00
elen852,examshall,29.6.2016,3:00
elen853,examshall,29.6.2016,3:30:
elen854,examshall,29.6.2016,3:30:
elen855,oldmutual,29.6.2016,3:30:
elen856,oldmutual,29.6.2016,3:00
elen857,oldmutual,29.6.2016,3:30:
elen858,shwbh,29.6.2016,3:30:
elen859,shwbh,29.6.2016,3:30:
elen860,shwbh,29.6.2016,3:00
elen861,hall29,1.7.2016,3:00
elen862,hall29,1.7.2016,3:30:
elen863,hall29,1.7.2016,3:00
elen864,hall29,1.7.2016,3:30:
elen865,hall29,1.7.2016,3:30:
elen866,hall29,1.7.2016,3:30:
elen867,hall29,1.7.2016,3:00
elen868,hall29,1.7.2016,3:00
elen869,hall29,1.7.2016,3:30:
elen870,hall29,1.7.2016,3:30:
elen871,hall29,1.7.2016,3:30:
elen872,flowerhall,1.7.2016,3:30:
elen873,flowerhall,1.7.2016,3:00
elen874,flowerhall,1.7.2016,3:00
elen875,flowerhall,1.7.2016,3:30:
elen876,flowerhall,1.7.2016,3:00
elen877,flowerhall,1.7.2016,3:30:
elen878,examshall,1.7.2016,3:30:
elen879,examshall,1.7.2016,3:00
elen880,examshall,1.7.2016,3:30:
elen881,examshall,1.7.2016,3:00
elen882,examshall,1.7.2016,3:30:
elen883,examshall,1.7.2016,3:30:
elen884,examshall,1.7.2016,3:30:
elen885,examshall,1.7.2016,3:30:
elen886,examshall,1.7.2016,3:00
elen887,examshall,1.7.2016,3:00
elen888,examshall,1.7.2016,3:00
elen889,oldmutual,1.7.2016,3:00
elen890,oldmutual,1.7.2016,3:00
elen891,oldmutual,1.7.2016,3:00
elen892,shwbh,1.7.2016,3:00
elen893,shwbh,1.7.2016,3:30:
elen894,hall29,4.7.2016,3:00
elen895,hall29,4.7.2016,3:00
elen896,hall29,4.7.2016,3:30:
elen897,hall29,4.7.2016,3:30:
elen898,hall29,4.7.2016,3:00
elen899,hall29,4.7.2016,3:30:
elen900,hall29,4.7.2016,3:00
elen901,hall29,4.7.2016,3:00
elen902,hall29,4.7.2016,3:00
elen903,flowerhall,4.7.2016,3:00
elen904,flowerhall,4.7.2016,3:30:
elen905,flowerhall,4.7.2016,3:00
elen906,flowerhall,4.7.2016,3:30:
elen907,flowerhall,4.7.2016,3:30:
elen908,flowerhall,4.7.2016,3:30:
elen909,examshall,4.7.2016,3:00
elen910,examshall,4.7.2016,3:30:
elen911,examshall,4.7.2016,3:30:
elen912,examshall,4.7.2016,3:30:
elen913,examshall,4.7.2016,3:00
elen914,examshall,4.7.2016,3:00
elen915,examshall,4.7.2016,3:30:
elen916,examshall,4.7.2016,3:00
elen917,examshall,4.7.2016,3:30:
elen918,examshall,4.7.2016,3:00
elen919,examshall,4.7.2016,3:00
elen920,examshall,4.7.2016,3:30:
elen921,oldmutual,4.7.2016,3:00
elen922,oldmutual,4.7.2016,3:00
elen923,oldmutual,4.7.2016,3:30:
elen924,shwbh,4.7.2016,3:30:
elen925,shwbh,4.7.2016,3:00
elen926,hall29,5.7.2016,3:00
elen927,hall29,5.7.2016,3:30:
elen928,hall29,5.7.2016,3:00
elen929,hall29,5.7.2016,3:00
elen930,hall29,5.7.2016,3:30:
elen931,hall29,5.7.2016,3:30:
elen932,hall29,5.7.2016,3:30:
elen933,hall29,5.7.2016,3:30:
elen934,hall29,5.7.2016,3:30:
elen935,flowerhall,5.7.2016,3:00
elen936,flowerhall,5.7.2016,3:30:
elen937,flowerhall,5.7.2016,3:00
elen938,flowerhall,5.7.2016,3:30:
elen939,flowerhall,5.7.2016,3:00
elen940,flowerhall,5.7.2016,3:30:
elen941,examshall,5.7.2016,3:00
elen942,examshall,5.7.2016,3:00
elen943,examshall,5.7.2016,3:30:
elen944,examshall,5.7.2016,3:30:
elen945,examshall,5.7.2016,3:00
elen946,examshall,5.7.2016,3:30:
elen947,examshall,5.7.2016,3:00
elen948,examshall,5.7.2016,3:00
elen949,examshall,5.7.2016,3:30:
elen950,examshall,5.7.2016,3:00
elen951,examshall,5.7.2016,3:00
elen952,examshall,5.7.2016,3:30:
elen953,oldmutual,5.7.2016,3:00
elen954,oldmutual,5.7.2016,3:00
elen955,oldmutual,5.7.2016,3:00
elen956,shwbh,5.7.2016,3:30:
elen957,shwbh,5.7.2016,3:00
elen958,shwbh,5.7.2016,3:00
elen959,hall29,6.7.2016,3:00
elen960,hall29,6.7.2016,3:30:
elen961,hall29,6.7.2016,3:30:
elen962,hall29,6.7.2016,3:00
elen963,hall29,6.7.2016,3:00
elen964,hall29,6.7.2016,3:30:
elen965,hall29,6.7.2016,3:30:
elen966,hall29,6.7.2016,3:00
elen967,hall29,6.7.2016,3:30:
elen968,hall29,6.7.2016,3:00
elen969,flowerhall,6.7.2016,3:30:
elen970,flowerhall,6.7.2016,3:00
elen971,flowerhall,6.7.2016,3:30:
elen972,flowerhall,6.7.2016,3:00
elen973,examshall,6.7.2016,3:30:
elen974,examshall,6.7.2016,3:30:
elen975,examshall,6.7.2016,3:30:
elen976,examshall,6.7.2016,3:00
elen977,examshall,6.7.2016,3:30:
elen978,examshall,6.7.2016,3:00
elen979,examshall,6.7.2016,3:00
elen980,examshall,6.7.2016,3:30:
elen981,examshall,6.7.2016,3:00
elen982,examshall,6.7.2016,3:30:
elen983,examshall,6.7.2016,3:30:
elen984,oldmutual,6.7.2016,3:30:
elen985,oldmutual,6.7.2016,3:30:
elen986,oldmutual,6.7.2016,3:00
elen987,oldmutual,6.7.2016,3:30:
elen988,shwbh,6.7.2016,3:30:
elen989,shwbh,6.7.2016,3:00
elen990,shwbh,6.7.2016,3:00
elen991,hall29,7.7.2016,3:00
elen992,hall29,7.7.2016,3:00
elen993,hall29,7.7.2016,3:00
elen994,hall29,7.7.2016,3:30:
elen995,hall29,7.7.2016,3:00
elen996,hall29,7.7.2016,3:30:
elen997,hall29,7.7.2016,3:30:
elen998,hall29,7.7.2016,3:00
elen999,flowerhall,7.7.2016,3:30:
elen1000,flowerhall,7.7.2016,3:30:
